purchased,avg_pages_visited,avg_time_spent_seconds,avg_session_duration_minutes,avg_items_in_cart,purchase_status
0,1.9220551378446116,187.80977443609024,1.4958604845446952,1.4451127819548872,Not Purchased
1,5.0,484.97227722772277,6.470627062706271,2.889108910891089,Purchased
