stage,sessions,previous_stage_sessions,drop_off,conversion_from_previous_%
home,5000,,0.0,100.0
product_page,3987,5000.0,1013.0,79.74
cart,1599,3987.0,2388.0,40.105342362678705
checkout,1123,1599.0,476.0,70.23139462163851
confirmation,1010,1123.0,113.0,89.93766696349064
purchased,1010,1010.0,0.0,100.0
