referral_source,total_sessions,purchased_sessions,conversion_rate_%
direct,1226,243,19.820554649265905
email,1251,251,20.06394884092726
google,1280,277,21.640625
social media,1243,239,19.227674979887368
