country,total_sessions,purchased_sessions,conversion_rate_%
australia,683,131,19.1800878477306
canada,715,140,19.58041958041958
france,752,170,22.606382978723406
germany,703,132,18.776671408250355
india,702,145,20.655270655270655
uk,739,145,19.621109607577807
usa,706,147,20.821529745042493
