device_type,total_sessions,purchased_sessions,conversion_rate_%
desktop,1666,339,20.34813925570228
mobile,1671,337,20.167564332734887
tablet,1663,334,20.084185207456404
